https://rvshare.com/rv/rv-rental-northern-arkansas,https://rvshare.com/rv-rental/arkansas
https://rvshare.com/rv/rv-rental-october,https://rvshare.com/rv-rental
https://rvshare.com/rv/rv-rental-northeast-california,https://rvshare.com/rv-rental/california
https://rvshare.com/rv/rv-rental-southwest-colorado,https://rvshare.com/rv-rental/colorado
https://rvshare.com/rv/rv-rental-mid-maryland,https://rvshare.com/rv-rental/maryland
https://rvshare.com/rv/rv-rental-northern-maryland,https://rvshare.com/rv-rental/maryland
https://rvshare.com/rv/rv-rental-mid-michigan,https://rvshare.com/rv-rental/michigan
https://rvshare.com/rv/rv-rental-southwest-connecticut,https://rvshare.com/rv-rental/connecticut
https://rvshare.com/rv/rv-rental-western-arizona,https://rvshare.com/rv-rental/arizona
https://rvshare.com/rv/rv-rental-northern-kentucky,https://rvshare.com/rv-rental/kentucky
https://rvshare.com/rv/rv-rental-western-indiana,https://rvshare.com/rv-rental/indiana
https://rvshare.com/rv/rv-rental-smoky-mountains,https://rvshare.com/national-parks/great-smoky-mountains-national-park
https://rvshare.com/rv/rv-rental-mid-massachusetts,https://rvshare.com/rv-rental/massachusetts
https://rvshare.com/rv/rv-rental-agreement,https://help-rvshare.force.com/s/article/What-is-a-Rental-Agreement
https://rvshare.com/rv/rv-rental-western-colorado,https://rvshare.com/rv-rental/colorado
https://rvshare.com/rv/rv-rental-northeast-alabama,https://rvshare.com/rv-rental/alabama
https://rvshare.com/rv/rv-rental-southeast-colorado,https://rvshare.com/rv-rental/colorado
https://rvshare.com/rv/rv-rentals-by-owner,https://rvshare.com/rv/rv-for-rent-by-owner
https://rvshare.com/rv/rv-rental-northern-alabama,https://rvshare.com/rv-rental/alabama
https://rvshare.com/rv/rv-rental-eastern-alaska,https://rvshare.com/rv-rental/alaska
https://rvshare.com/rv/rv-rental-eastern-arkansas,https://rvshare.com/rv-rental/arkansas
https://rvshare.com/rv/rv-rental-southeast-massachusetts,https://rvshare.com/rv-rental/massachusetts
https://rvshare.com/rv/rv-rental-southeast-kentucky,https://rvshare.com/rv-rental/kentucky
https://rvshare.com/rv/rv-rental-eastern-south-carolina,https://rvshare.com/rv-rental/south-carolina
https://rvshare.com/rv/rv-rental,https://rvshare.com/rv-rental
https://rvshare.com/rv/rv-rental-western-connecticut,https://rvshare.com/rv-rental/connecticut
https://rvshare.com/rv/rv-rental-northern-alaska,https://rvshare.com/rv-rental/alaska
https://rvshare.com/rv/rv-rentals-zion-national-park,https://rvshare.com/national-parks/zion-national-park
https://rvshare.com/rv/rv-rental-eastern-colorado,https://rvshare.com/rv-rental/colorado
https://rvshare.com/rv/rv-rental-eastern-delaware,https://rvshare.com/rv-rental/delaware
https://rvshare.com/rv/rv-rental-northern-indiana,https://rvshare.com/rv-rental/indiana
https://rvshare.com/rv/rv-rental-september,https://rvshare.com/rv-rental
https://rvshare.com/rv/rv-rental-northeast-alaska,https://rvshare.com/rv-rental/alaska