https://rvshare.com/rv/trailer-rental-for-camping,22-Sep-19,https://rvshare.com/rv/camp-trailer-rental
https://rvshare.com/rv/rv-rental-southwest-illinois,21-Sep-19,https://rvshare.com/rv-rental/illinois
https://rvshare.com/rv/short-term-rv-rental,14-Sep-19,https://rvshare.com/rv/short-term-rv-rentals
https://rvshare.com/rv/Acadia-national-park,14-Sep-19,https://rvshare.com/national-parks/acadia-national-park
https://rvshare.com/rv/northwest-rv-rentals,13-Sep-19,https://rvshare.com/rv-rental
https://rvshare.com/rv/rv-rental-grand-canyon,11-Sep-19,https://rvshare.com/national-parks/grand-canyon-national-park
https://rvshare.com/rv/Camper-Vans-For-Rent,11-Sep-19,https://rvshare.com/rv/camper-van-rental
https://rvshare.com/rv/rv-rental-western-south-carolina,11-Sep-19,https://rvshare.com/rv-rental/south-carolina
https://rvshare.com/rv/rv-rental-western-north-dakota,10-Sep-19,https://rvshare.com/rv-rental/north-dakota
https://rvshare.com/rv/campervan-rental-san-francisco,8-Sep-19,https://rvshare.com/rv-rental/san-francisco/ca
https://rvshare.com/rv/rv-rental-in-cincinnati-ohio,8-Sep-19,https://rvshare.com/rv-rental/cincinnati/oh
https://rvshare.com/rv/Camper-Rentals-USA,8-Sep-19,https://rvshare.com/rv-rental
https://rvshare.com/rv/Big-bend-national-park,8-Sep-19,https://rvshare.com/national-parks/big-bend-national-park
https://rvshare.com/rv/rv-rental-northeast-georgia,6-Sep-19,https://rvshare.com/rv-rental/atlanta/ga
https://rvshare.com/rv/rv-rental-usa-prices,6-Sep-19,https://rvshare.com/rv/rv-rental-prices
https://rvshare.com/rv/rv-rental-western-oregon,5-Sep-19,https://rvshare.com/rv-rental/oregon
https://rvshare.com/reviews/usa/arkansas/mena,4-Sep-19,https://rvshare.com/rv-rental/mena/ar
https://rvshare.com/rv/rv-yosemite-rental,3-Sep-19,https://rvshare.com/national-parks/yosemite-national-park
https://rvshare.com/rv/rv-rental-usa,1-Sep-19,https://rvshare.com/rv-rental
https://rvshare.com/rv/how-much-does-it-cost-to-rent-an-rv,1-Sep-19,https://rvshare.com/rv/rv-rental-prices
https://rvshare.com/rv/Camper-Van-For-Rent,1-Sep-19,https://rvshare.com/rv/camper-van-rental
https://rvshare.com/rv/rv-rental-companies-california,31-Aug-19,https://rvshare.com/rv-rental/california
https://rvshare.com/rv/rv-rental-western-florida,31-Aug-19,https://rvshare.com/rv-rental/florida
https://rvshare.com/rv/rv-rental-northern-maine,31-Aug-19,https://rvshare.com/rv-rental/maine
https://rvshare.com/rv/rv-rental-southwest-florida,31-Aug-19,https://rvshare.com/rv-rental/florida
https://rvshare.com/rv/rv-rental-western-new-york,31-Aug-19,https://rvshare.com/rv-rental/new-york
https://rvshare.com/reviews/usa/massachusetts/rowley,29-Aug-19,https://rvshare.com/rv-rental/rowley/ma
https://rvshare.com/reviews/usa/missouri/billings,29-Aug-19,https://rvshare.com/rv-rental/billings/mo
https://rvshare.com/reviews/usa/minnesota/st-cloud,27-Aug-19,https://rvshare.com/rv-rental/st-cloud/mn
https://rvshare.com/rv/rv-rental-hot-springs-national-park,25-Aug-19,https://rvshare.com/national-parks/hot-springs-national-park
https://rvshare.com/rv/rv-rental-finder,24-Aug-19,https://rvshare.com/rv-rental